{
  "resources": ["assets/probable-waffle/sfx/actors/Skaduwee/Ranged.mp3"],
  "spritemap": {
    "Attack 1": {
      "start": 0,
      "end": 2.93475,
      "loop": false
    },
    "Attack 2": {
      "start": 4,
      "end": 5.261333333333333,
      "loop": false
    },
    "Attack 3": {
      "start": 7,
      "end": 9.085541666666668,
      "loop": false
    },
    "Damage 1": {
      "start": 11,
      "end": 11.674375,
      "loop": false
    },
    "Damage 2": {
      "start": 13,
      "end": 13.387145833333333,
      "loop": false
    },
    "Damage 3": {
      "start": 15,
      "end": 15.512020833333333,
      "loop": false
    },
    "Damage 4": {
      "start": 17,
      "end": 17.561958333333333,
      "loop": false
    },
    "Damage 5": {
      "start": 19,
      "end": 19.8616875,
      "loop": false
    },
    "Damage 6": {
      "start": 21,
      "end": 21.911645833333335,
      "loop": false
    },
    "Damage 7": {
      "start": 23,
      "end": 23.824229166666665,
      "loop": false
    },
    "Death 1": {
      "start": 25,
      "end": 27.222916666666666,
      "loop": false
    },
    "Death 2": {
      "start": 29,
      "end": 30.3861875,
      "loop": false
    },
    "Death 3": {
      "start": 32,
      "end": 32.986583333333336,
      "loop": false
    },
    "Death 4": {
      "start": 34,
      "end": 36.22291666666667,
      "loop": false
    },
    "Death 5": {
      "start": 38,
      "end": 40.285354166666664,
      "loop": false
    },
    "Enter building 1": {
      "start": 42,
      "end": 44.147979166666666,
      "loop": false
    },
    "Enter building 2": {
      "start": 46,
      "end": 48.372791666666664,
      "loop": false
    },
    "Location unavailable 1": {
      "start": 50,
      "end": 51.33625,
      "loop": false
    },
    "Location unavailable 2": {
      "start": 53,
      "end": 53.9865625,
      "loop": false
    },
    "Move 1": {
      "start": 55,
      "end": 56.9231875,
      "loop": false
    },
    "Move 2": {
      "start": 58,
      "end": 59.64845833333333,
      "loop": false
    },
    "Move 3": {
      "start": 61,
      "end": 63.1979375,
      "loop": false
    },
    "Move 4": {
      "start": 65,
      "end": 66.68591666666667,
      "loop": false
    },
    "Selection 1": {
      "start": 68,
      "end": 69.9356875,
      "loop": false
    },
    "Selection 2": {
      "start": 71,
      "end": 72.44864583333333,
      "loop": false
    },
    "Selection 3": {
      "start": 74,
      "end": 75.985625,
      "loop": false
    },
    "Selection 4": {
      "start": 77,
      "end": 78.37370833333334,
      "loop": false
    }
  }
}
