{
  "resources": ["assets/probable-waffle/sfx/actors/Tivara/Worker Male.mp3"],
  "spritemap": {
    "Attack 1": {
      "start": 0,
      "end": 2.8089791666666666,
      "loop": false
    },
    "Attack 2": {
      "start": 4,
      "end": 6.2089791666666665,
      "loop": false
    },
    "Attack 3": {
      "start": 8,
      "end": 9.684416666666667,
      "loop": false
    },
    "Build 1": {
      "start": 11,
      "end": 14.216979166666667,
      "loop": false
    },
    "Build 2": {
      "start": 16,
      "end": 19.144979166666666,
      "loop": false
    },
    "Chop 1": {
      "start": 21,
      "end": 23.856979166666665,
      "loop": false
    },
    "Chop 2": {
      "start": 25,
      "end": 28.40897916666667,
      "loop": false
    },
    "Damage1": {
      "start": 30,
      "end": 30.455625,
      "loop": false
    },
    "Damage2": {
      "start": 32,
      "end": 32.4418125,
      "loop": false
    },
    "Damage3": {
      "start": 34,
      "end": 34.4694375,
      "loop": false
    },
    "Death 1": {
      "start": 36,
      "end": 38.25697916666667,
      "loop": false
    },
    "Death 2": {
      "start": 40,
      "end": 43.24097916666667,
      "loop": false
    },
    "Death1": {
      "start": 45,
      "end": 46.17358333333333,
      "loop": false
    },
    "Death2": {
      "start": 48,
      "end": 49.214979166666666,
      "loop": false
    },
    "Death3": {
      "start": 51,
      "end": 52.57395833333333,
      "loop": false
    },
    "Enter building 1": {
      "start": 54,
      "end": 56.52097916666666,
      "loop": false
    },
    "Enter building 2": {
      "start": 58,
      "end": 59.739625,
      "loop": false
    },
    "Location unavailable 1": {
      "start": 61,
      "end": 63.25697916666667,
      "loop": false
    },
    "Location unavailable 2": {
      "start": 65,
      "end": 67.73697916666667,
      "loop": false
    },
    "Mine 2": {
      "start": 69,
      "end": 71.66497916666667,
      "loop": false
    },
    "Move 1": {
      "start": 73,
      "end": 75.59297916666667,
      "loop": false
    },
    "Move 2": {
      "start": 77,
      "end": 78.615375,
      "loop": false
    },
    "Move 3": {
      "start": 80,
      "end": 81.58777083333334,
      "loop": false
    },
    "Move 4": {
      "start": 83,
      "end": 84.25641666666667,
      "loop": false
    },
    "Repair 1": {
      "start": 86,
      "end": 88.18497916666666,
      "loop": false
    },
    "Repair 2": {
      "start": 90,
      "end": 92.32897916666667,
      "loop": false
    },
    "Selection 1": {
      "start": 94,
      "end": 95.794875,
      "loop": false
    },
    "Selection 2": {
      "start": 97,
      "end": 98.86389583333333,
      "loop": false
    },
    "Selection 3": {
      "start": 100,
      "end": 102.68897916666667,
      "loop": false
    },
    "Selection 4": {
      "start": 104,
      "end": 105.53697916666667,
      "loop": false
    },
    "Selection Extra 1": {
      "start": 107,
      "end": 109.16097916666666,
      "loop": false
    }
  }
}
